unique_id,parameter_id,simulation_function,parameter_set,sRealmTools_version,mobsim_version,date,seed,S_POOL,N_SIM,SAD_COEF,SIGMA,MOVEMENT_SD,DRIFT,QUADRAT_AREA,N_QUADRATS
CXYAB2252T,1,simulations_v6,community_v3,0.1.1.9012,0.2.0.9015,2022-03-31T13:44:38.071580Z,42,20,2000,0.1,0.05,0,0.001,0.01,100
CXYAB2252T,2,simulations_v6,community_v3,0.1.1.9012,0.2.0.9015,2022-03-31T13:44:38.071580Z,42,200,2000,0.1,0.05,0,0.001,0.01,100
CXYAB2252T,3,simulations_v6,community_v3,0.1.1.9012,0.2.0.9015,2022-03-31T13:44:38.071580Z,42,20,20000,0.1,0.05,0,0.001,0.01,100
CXYAB2252T,4,simulations_v6,community_v3,0.1.1.9012,0.2.0.9015,2022-03-31T13:44:38.071580Z,42,200,20000,0.1,0.05,0,0.001,0.01,100
CXYAB2252T,5,simulations_v6,community_v3,0.1.1.9012,0.2.0.9015,2022-03-31T13:44:38.071580Z,42,20,2000,0.5,0.05,0,0.001,0.01,100
CXYAB2252T,6,simulations_v6,community_v3,0.1.1.9012,0.2.0.9015,2022-03-31T13:44:38.071580Z,42,200,2000,0.5,0.05,0,0.001,0.01,100
CXYAB2252T,7,simulations_v6,community_v3,0.1.1.9012,0.2.0.9015,2022-03-31T13:44:38.071580Z,42,20,20000,0.5,0.05,0,0.001,0.01,100
CXYAB2252T,8,simulations_v6,community_v3,0.1.1.9012,0.2.0.9015,2022-03-31T13:44:38.071580Z,42,200,20000,0.5,0.05,0,0.001,0.01,100
CXYAB2252T,9,simulations_v6,community_v3,0.1.1.9012,0.2.0.9015,2022-03-31T13:44:38.071580Z,42,20,2000,1,0.05,0,0.001,0.01,100
CXYAB2252T,10,simulations_v6,community_v3,0.1.1.9012,0.2.0.9015,2022-03-31T13:44:38.071580Z,42,200,2000,1,0.05,0,0.001,0.01,100
CXYAB2252T,11,simulations_v6,community_v3,0.1.1.9012,0.2.0.9015,2022-03-31T13:44:38.071580Z,42,20,20000,1,0.05,0,0.001,0.01,100
CXYAB2252T,12,simulations_v6,community_v3,0.1.1.9012,0.2.0.9015,2022-03-31T13:44:38.071580Z,42,200,20000,1,0.05,0,0.001,0.01,100
CXYAB2252T,13,simulations_v6,community_v3,0.1.1.9012,0.2.0.9015,2022-03-31T13:44:38.071580Z,42,20,2000,0.1,10,0,0.001,0.01,100
CXYAB2252T,14,simulations_v6,community_v3,0.1.1.9012,0.2.0.9015,2022-03-31T13:44:38.071580Z,42,200,2000,0.1,10,0,0.001,0.01,100
CXYAB2252T,15,simulations_v6,community_v3,0.1.1.9012,0.2.0.9015,2022-03-31T13:44:38.071580Z,42,20,20000,0.1,10,0,0.001,0.01,100
CXYAB2252T,16,simulations_v6,community_v3,0.1.1.9012,0.2.0.9015,2022-03-31T13:44:38.071580Z,42,200,20000,0.1,10,0,0.001,0.01,100
CXYAB2252T,17,simulations_v6,community_v3,0.1.1.9012,0.2.0.9015,2022-03-31T13:44:38.071580Z,42,20,2000,0.5,10,0,0.001,0.01,100
CXYAB2252T,18,simulations_v6,community_v3,0.1.1.9012,0.2.0.9015,2022-03-31T13:44:38.071580Z,42,200,2000,0.5,10,0,0.001,0.01,100
CXYAB2252T,19,simulations_v6,community_v3,0.1.1.9012,0.2.0.9015,2022-03-31T13:44:38.071580Z,42,20,20000,0.5,10,0,0.001,0.01,100
CXYAB2252T,20,simulations_v6,community_v3,0.1.1.9012,0.2.0.9015,2022-03-31T13:44:38.071580Z,42,200,20000,0.5,10,0,0.001,0.01,100
CXYAB2252T,21,simulations_v6,community_v3,0.1.1.9012,0.2.0.9015,2022-03-31T13:44:38.071580Z,42,20,2000,1,10,0,0.001,0.01,100
CXYAB2252T,22,simulations_v6,community_v3,0.1.1.9012,0.2.0.9015,2022-03-31T13:44:38.071580Z,42,200,2000,1,10,0,0.001,0.01,100
CXYAB2252T,23,simulations_v6,community_v3,0.1.1.9012,0.2.0.9015,2022-03-31T13:44:38.071580Z,42,20,20000,1,10,0,0.001,0.01,100
CXYAB2252T,24,simulations_v6,community_v3,0.1.1.9012,0.2.0.9015,2022-03-31T13:44:38.071580Z,42,200,20000,1,10,0,0.001,0.01,100
