unique_id,parameter_id,simulation_function,sRealmTools_version,mobsim_version,date,seed,S_POOL,N_SIM,SAD_COEF,SIGMA,MOVEMENT_SD,QUADRAT_AREA,N_QUADRATS
CYUYM2647W,1,simulations_v5,0.1.1.9011,0.2.0.9011,2022-03-15T15:17:10.410846Z,42,20,2000,0.1,0.05,0.01,0.01,100
CYUYM2647W,2,simulations_v5,0.1.1.9011,0.2.0.9011,2022-03-15T15:17:10.410846Z,42,200,2000,0.1,0.05,0.01,0.01,100
CYUYM2647W,3,simulations_v5,0.1.1.9011,0.2.0.9011,2022-03-15T15:17:10.410846Z,42,20,20000,0.1,0.05,0.01,0.01,100
CYUYM2647W,4,simulations_v5,0.1.1.9011,0.2.0.9011,2022-03-15T15:17:10.410846Z,42,200,20000,0.1,0.05,0.01,0.01,100
CYUYM2647W,5,simulations_v5,0.1.1.9011,0.2.0.9011,2022-03-15T15:17:10.410846Z,42,20,2000,0.5,0.05,0.01,0.01,100
CYUYM2647W,6,simulations_v5,0.1.1.9011,0.2.0.9011,2022-03-15T15:17:10.410846Z,42,200,2000,0.5,0.05,0.01,0.01,100
CYUYM2647W,7,simulations_v5,0.1.1.9011,0.2.0.9011,2022-03-15T15:17:10.410846Z,42,20,20000,0.5,0.05,0.01,0.01,100
CYUYM2647W,8,simulations_v5,0.1.1.9011,0.2.0.9011,2022-03-15T15:17:10.410846Z,42,200,20000,0.5,0.05,0.01,0.01,100
CYUYM2647W,9,simulations_v5,0.1.1.9011,0.2.0.9011,2022-03-15T15:17:10.410846Z,42,20,2000,1,0.05,0.01,0.01,100
CYUYM2647W,10,simulations_v5,0.1.1.9011,0.2.0.9011,2022-03-15T15:17:10.410846Z,42,200,2000,1,0.05,0.01,0.01,100
CYUYM2647W,11,simulations_v5,0.1.1.9011,0.2.0.9011,2022-03-15T15:17:10.410846Z,42,20,20000,1,0.05,0.01,0.01,100
CYUYM2647W,12,simulations_v5,0.1.1.9011,0.2.0.9011,2022-03-15T15:17:10.410846Z,42,200,20000,1,0.05,0.01,0.01,100
CYUYM2647W,13,simulations_v5,0.1.1.9011,0.2.0.9011,2022-03-15T15:17:10.410846Z,42,20,2000,0.1,10,0.01,0.01,100
CYUYM2647W,14,simulations_v5,0.1.1.9011,0.2.0.9011,2022-03-15T15:17:10.410846Z,42,200,2000,0.1,10,0.01,0.01,100
CYUYM2647W,15,simulations_v5,0.1.1.9011,0.2.0.9011,2022-03-15T15:17:10.410846Z,42,20,20000,0.1,10,0.01,0.01,100
CYUYM2647W,16,simulations_v5,0.1.1.9011,0.2.0.9011,2022-03-15T15:17:10.410846Z,42,200,20000,0.1,10,0.01,0.01,100
CYUYM2647W,17,simulations_v5,0.1.1.9011,0.2.0.9011,2022-03-15T15:17:10.410846Z,42,20,2000,0.5,10,0.01,0.01,100
CYUYM2647W,18,simulations_v5,0.1.1.9011,0.2.0.9011,2022-03-15T15:17:10.410846Z,42,200,2000,0.5,10,0.01,0.01,100
CYUYM2647W,19,simulations_v5,0.1.1.9011,0.2.0.9011,2022-03-15T15:17:10.410846Z,42,20,20000,0.5,10,0.01,0.01,100
CYUYM2647W,20,simulations_v5,0.1.1.9011,0.2.0.9011,2022-03-15T15:17:10.410846Z,42,200,20000,0.5,10,0.01,0.01,100
CYUYM2647W,21,simulations_v5,0.1.1.9011,0.2.0.9011,2022-03-15T15:17:10.410846Z,42,20,2000,1,10,0.01,0.01,100
CYUYM2647W,22,simulations_v5,0.1.1.9011,0.2.0.9011,2022-03-15T15:17:10.410846Z,42,200,2000,1,10,0.01,0.01,100
CYUYM2647W,23,simulations_v5,0.1.1.9011,0.2.0.9011,2022-03-15T15:17:10.410846Z,42,20,20000,1,10,0.01,0.01,100
CYUYM2647W,24,simulations_v5,0.1.1.9011,0.2.0.9011,2022-03-15T15:17:10.410846Z,42,200,20000,1,10,0.01,0.01,100
CYUYM2647W,25,simulations_v5,0.1.1.9011,0.2.0.9011,2022-03-15T15:17:10.410846Z,42,20,2000,0.1,0.05,0.1,0.01,100
CYUYM2647W,26,simulations_v5,0.1.1.9011,0.2.0.9011,2022-03-15T15:17:10.410846Z,42,200,2000,0.1,0.05,0.1,0.01,100
CYUYM2647W,27,simulations_v5,0.1.1.9011,0.2.0.9011,2022-03-15T15:17:10.410846Z,42,20,20000,0.1,0.05,0.1,0.01,100
CYUYM2647W,28,simulations_v5,0.1.1.9011,0.2.0.9011,2022-03-15T15:17:10.410846Z,42,200,20000,0.1,0.05,0.1,0.01,100
CYUYM2647W,29,simulations_v5,0.1.1.9011,0.2.0.9011,2022-03-15T15:17:10.410846Z,42,20,2000,0.5,0.05,0.1,0.01,100
CYUYM2647W,30,simulations_v5,0.1.1.9011,0.2.0.9011,2022-03-15T15:17:10.410846Z,42,200,2000,0.5,0.05,0.1,0.01,100
CYUYM2647W,31,simulations_v5,0.1.1.9011,0.2.0.9011,2022-03-15T15:17:10.410846Z,42,20,20000,0.5,0.05,0.1,0.01,100
CYUYM2647W,32,simulations_v5,0.1.1.9011,0.2.0.9011,2022-03-15T15:17:10.410846Z,42,200,20000,0.5,0.05,0.1,0.01,100
CYUYM2647W,33,simulations_v5,0.1.1.9011,0.2.0.9011,2022-03-15T15:17:10.410846Z,42,20,2000,1,0.05,0.1,0.01,100
CYUYM2647W,34,simulations_v5,0.1.1.9011,0.2.0.9011,2022-03-15T15:17:10.410846Z,42,200,2000,1,0.05,0.1,0.01,100
CYUYM2647W,35,simulations_v5,0.1.1.9011,0.2.0.9011,2022-03-15T15:17:10.410846Z,42,20,20000,1,0.05,0.1,0.01,100
CYUYM2647W,36,simulations_v5,0.1.1.9011,0.2.0.9011,2022-03-15T15:17:10.410846Z,42,200,20000,1,0.05,0.1,0.01,100
CYUYM2647W,37,simulations_v5,0.1.1.9011,0.2.0.9011,2022-03-15T15:17:10.410846Z,42,20,2000,0.1,10,0.1,0.01,100
CYUYM2647W,38,simulations_v5,0.1.1.9011,0.2.0.9011,2022-03-15T15:17:10.410846Z,42,200,2000,0.1,10,0.1,0.01,100
CYUYM2647W,39,simulations_v5,0.1.1.9011,0.2.0.9011,2022-03-15T15:17:10.410846Z,42,20,20000,0.1,10,0.1,0.01,100
CYUYM2647W,40,simulations_v5,0.1.1.9011,0.2.0.9011,2022-03-15T15:17:10.410846Z,42,200,20000,0.1,10,0.1,0.01,100
CYUYM2647W,41,simulations_v5,0.1.1.9011,0.2.0.9011,2022-03-15T15:17:10.410846Z,42,20,2000,0.5,10,0.1,0.01,100
CYUYM2647W,42,simulations_v5,0.1.1.9011,0.2.0.9011,2022-03-15T15:17:10.410846Z,42,200,2000,0.5,10,0.1,0.01,100
CYUYM2647W,43,simulations_v5,0.1.1.9011,0.2.0.9011,2022-03-15T15:17:10.410846Z,42,20,20000,0.5,10,0.1,0.01,100
CYUYM2647W,44,simulations_v5,0.1.1.9011,0.2.0.9011,2022-03-15T15:17:10.410846Z,42,200,20000,0.5,10,0.1,0.01,100
CYUYM2647W,45,simulations_v5,0.1.1.9011,0.2.0.9011,2022-03-15T15:17:10.410846Z,42,20,2000,1,10,0.1,0.01,100
CYUYM2647W,46,simulations_v5,0.1.1.9011,0.2.0.9011,2022-03-15T15:17:10.410846Z,42,200,2000,1,10,0.1,0.01,100
CYUYM2647W,47,simulations_v5,0.1.1.9011,0.2.0.9011,2022-03-15T15:17:10.410846Z,42,20,20000,1,10,0.1,0.01,100
CYUYM2647W,48,simulations_v5,0.1.1.9011,0.2.0.9011,2022-03-15T15:17:10.410846Z,42,200,20000,1,10,0.1,0.01,100
