unique_id,parameter_id,simulation_function,sRealmTools_version,mobsim_version,date,seed,S_POOL,N_SIM,SAD_COEF,SIGMA,QUADRAT_AREA,N_QUADRATS
IFYAH3130E,1,simulations_v5,0.1.1.9011,0.2.0.9011,2022-03-15T14:09:42.253759Z,42,20,2000,0.1,0.05,0.01,100
IFYAH3130E,2,simulations_v5,0.1.1.9011,0.2.0.9011,2022-03-15T14:09:42.253759Z,42,200,2000,0.1,0.05,0.01,100
IFYAH3130E,3,simulations_v5,0.1.1.9011,0.2.0.9011,2022-03-15T14:09:42.253759Z,42,20,20000,0.1,0.05,0.01,100
IFYAH3130E,4,simulations_v5,0.1.1.9011,0.2.0.9011,2022-03-15T14:09:42.253759Z,42,200,20000,0.1,0.05,0.01,100
IFYAH3130E,5,simulations_v5,0.1.1.9011,0.2.0.9011,2022-03-15T14:09:42.253759Z,42,20,2000,0.5,0.05,0.01,100
IFYAH3130E,6,simulations_v5,0.1.1.9011,0.2.0.9011,2022-03-15T14:09:42.253759Z,42,200,2000,0.5,0.05,0.01,100
IFYAH3130E,7,simulations_v5,0.1.1.9011,0.2.0.9011,2022-03-15T14:09:42.253759Z,42,20,20000,0.5,0.05,0.01,100
IFYAH3130E,8,simulations_v5,0.1.1.9011,0.2.0.9011,2022-03-15T14:09:42.253759Z,42,200,20000,0.5,0.05,0.01,100
IFYAH3130E,9,simulations_v5,0.1.1.9011,0.2.0.9011,2022-03-15T14:09:42.253759Z,42,20,2000,1,0.05,0.01,100
IFYAH3130E,10,simulations_v5,0.1.1.9011,0.2.0.9011,2022-03-15T14:09:42.253759Z,42,200,2000,1,0.05,0.01,100
IFYAH3130E,11,simulations_v5,0.1.1.9011,0.2.0.9011,2022-03-15T14:09:42.253759Z,42,20,20000,1,0.05,0.01,100
IFYAH3130E,12,simulations_v5,0.1.1.9011,0.2.0.9011,2022-03-15T14:09:42.253759Z,42,200,20000,1,0.05,0.01,100
IFYAH3130E,13,simulations_v5,0.1.1.9011,0.2.0.9011,2022-03-15T14:09:42.253759Z,42,20,2000,0.1,10,0.01,100
IFYAH3130E,14,simulations_v5,0.1.1.9011,0.2.0.9011,2022-03-15T14:09:42.253759Z,42,200,2000,0.1,10,0.01,100
IFYAH3130E,15,simulations_v5,0.1.1.9011,0.2.0.9011,2022-03-15T14:09:42.253759Z,42,20,20000,0.1,10,0.01,100
IFYAH3130E,16,simulations_v5,0.1.1.9011,0.2.0.9011,2022-03-15T14:09:42.253759Z,42,200,20000,0.1,10,0.01,100
IFYAH3130E,17,simulations_v5,0.1.1.9011,0.2.0.9011,2022-03-15T14:09:42.253759Z,42,20,2000,0.5,10,0.01,100
IFYAH3130E,18,simulations_v5,0.1.1.9011,0.2.0.9011,2022-03-15T14:09:42.253759Z,42,200,2000,0.5,10,0.01,100
IFYAH3130E,19,simulations_v5,0.1.1.9011,0.2.0.9011,2022-03-15T14:09:42.253759Z,42,20,20000,0.5,10,0.01,100
IFYAH3130E,20,simulations_v5,0.1.1.9011,0.2.0.9011,2022-03-15T14:09:42.253759Z,42,200,20000,0.5,10,0.01,100
IFYAH3130E,21,simulations_v5,0.1.1.9011,0.2.0.9011,2022-03-15T14:09:42.253759Z,42,20,2000,1,10,0.01,100
IFYAH3130E,22,simulations_v5,0.1.1.9011,0.2.0.9011,2022-03-15T14:09:42.253759Z,42,200,2000,1,10,0.01,100
IFYAH3130E,23,simulations_v5,0.1.1.9011,0.2.0.9011,2022-03-15T14:09:42.253759Z,42,20,20000,1,10,0.01,100
IFYAH3130E,24,simulations_v5,0.1.1.9011,0.2.0.9011,2022-03-15T14:09:42.253759Z,42,200,20000,1,10,0.01,100
