S_POOL,N_SIM,SAD_COEF,SIGMA,MOVEMENT_SD,QUADRAT_AREA,N_QUADRATS,parameter_id,unique_id,date,simulation_function,sRealmTools_version,mobsim_version
20,2000,0.1,0.05,0.01,0.01,100,1,ZXSAX1088U,2022-03-15T15:29:00.513845Z,simulations_v5,0.1.1.9011,0.2.0.9011
200,2000,0.1,0.05,0.01,0.01,100,2,ZXSAX1088U,2022-03-15T15:29:00.513845Z,simulations_v5,0.1.1.9011,0.2.0.9011
20,20000,0.1,0.05,0.01,0.01,100,3,ZXSAX1088U,2022-03-15T15:29:00.513845Z,simulations_v5,0.1.1.9011,0.2.0.9011
200,20000,0.1,0.05,0.01,0.01,100,4,ZXSAX1088U,2022-03-15T15:29:00.513845Z,simulations_v5,0.1.1.9011,0.2.0.9011
20,2000,0.5,0.05,0.01,0.01,100,5,ZXSAX1088U,2022-03-15T15:29:00.513845Z,simulations_v5,0.1.1.9011,0.2.0.9011
200,2000,0.5,0.05,0.01,0.01,100,6,ZXSAX1088U,2022-03-15T15:29:00.513845Z,simulations_v5,0.1.1.9011,0.2.0.9011
20,20000,0.5,0.05,0.01,0.01,100,7,ZXSAX1088U,2022-03-15T15:29:00.513845Z,simulations_v5,0.1.1.9011,0.2.0.9011
200,20000,0.5,0.05,0.01,0.01,100,8,ZXSAX1088U,2022-03-15T15:29:00.513845Z,simulations_v5,0.1.1.9011,0.2.0.9011
20,2000,1,0.05,0.01,0.01,100,9,ZXSAX1088U,2022-03-15T15:29:00.513845Z,simulations_v5,0.1.1.9011,0.2.0.9011
200,2000,1,0.05,0.01,0.01,100,10,ZXSAX1088U,2022-03-15T15:29:00.513845Z,simulations_v5,0.1.1.9011,0.2.0.9011
20,20000,1,0.05,0.01,0.01,100,11,ZXSAX1088U,2022-03-15T15:29:00.513845Z,simulations_v5,0.1.1.9011,0.2.0.9011
200,20000,1,0.05,0.01,0.01,100,12,ZXSAX1088U,2022-03-15T15:29:00.513845Z,simulations_v5,0.1.1.9011,0.2.0.9011
20,2000,0.1,10,0.01,0.01,100,13,ZXSAX1088U,2022-03-15T15:29:00.513845Z,simulations_v5,0.1.1.9011,0.2.0.9011
200,2000,0.1,10,0.01,0.01,100,14,ZXSAX1088U,2022-03-15T15:29:00.513845Z,simulations_v5,0.1.1.9011,0.2.0.9011
20,20000,0.1,10,0.01,0.01,100,15,ZXSAX1088U,2022-03-15T15:29:00.513845Z,simulations_v5,0.1.1.9011,0.2.0.9011
200,20000,0.1,10,0.01,0.01,100,16,ZXSAX1088U,2022-03-15T15:29:00.513845Z,simulations_v5,0.1.1.9011,0.2.0.9011
20,2000,0.5,10,0.01,0.01,100,17,ZXSAX1088U,2022-03-15T15:29:00.513845Z,simulations_v5,0.1.1.9011,0.2.0.9011
200,2000,0.5,10,0.01,0.01,100,18,ZXSAX1088U,2022-03-15T15:29:00.513845Z,simulations_v5,0.1.1.9011,0.2.0.9011
20,20000,0.5,10,0.01,0.01,100,19,ZXSAX1088U,2022-03-15T15:29:00.513845Z,simulations_v5,0.1.1.9011,0.2.0.9011
200,20000,0.5,10,0.01,0.01,100,20,ZXSAX1088U,2022-03-15T15:29:00.513845Z,simulations_v5,0.1.1.9011,0.2.0.9011
20,2000,1,10,0.01,0.01,100,21,ZXSAX1088U,2022-03-15T15:29:00.513845Z,simulations_v5,0.1.1.9011,0.2.0.9011
200,2000,1,10,0.01,0.01,100,22,ZXSAX1088U,2022-03-15T15:29:00.513845Z,simulations_v5,0.1.1.9011,0.2.0.9011
20,20000,1,10,0.01,0.01,100,23,ZXSAX1088U,2022-03-15T15:29:00.513845Z,simulations_v5,0.1.1.9011,0.2.0.9011
200,20000,1,10,0.01,0.01,100,24,ZXSAX1088U,2022-03-15T15:29:00.513845Z,simulations_v5,0.1.1.9011,0.2.0.9011
20,2000,0.1,0.05,0.1,0.01,100,25,ZXSAX1088U,2022-03-15T15:29:00.513845Z,simulations_v5,0.1.1.9011,0.2.0.9011
200,2000,0.1,0.05,0.1,0.01,100,26,ZXSAX1088U,2022-03-15T15:29:00.513845Z,simulations_v5,0.1.1.9011,0.2.0.9011
20,20000,0.1,0.05,0.1,0.01,100,27,ZXSAX1088U,2022-03-15T15:29:00.513845Z,simulations_v5,0.1.1.9011,0.2.0.9011
200,20000,0.1,0.05,0.1,0.01,100,28,ZXSAX1088U,2022-03-15T15:29:00.513845Z,simulations_v5,0.1.1.9011,0.2.0.9011
20,2000,0.5,0.05,0.1,0.01,100,29,ZXSAX1088U,2022-03-15T15:29:00.513845Z,simulations_v5,0.1.1.9011,0.2.0.9011
200,2000,0.5,0.05,0.1,0.01,100,30,ZXSAX1088U,2022-03-15T15:29:00.513845Z,simulations_v5,0.1.1.9011,0.2.0.9011
20,20000,0.5,0.05,0.1,0.01,100,31,ZXSAX1088U,2022-03-15T15:29:00.513845Z,simulations_v5,0.1.1.9011,0.2.0.9011
200,20000,0.5,0.05,0.1,0.01,100,32,ZXSAX1088U,2022-03-15T15:29:00.513845Z,simulations_v5,0.1.1.9011,0.2.0.9011
20,2000,1,0.05,0.1,0.01,100,33,ZXSAX1088U,2022-03-15T15:29:00.513845Z,simulations_v5,0.1.1.9011,0.2.0.9011
200,2000,1,0.05,0.1,0.01,100,34,ZXSAX1088U,2022-03-15T15:29:00.513845Z,simulations_v5,0.1.1.9011,0.2.0.9011
20,20000,1,0.05,0.1,0.01,100,35,ZXSAX1088U,2022-03-15T15:29:00.513845Z,simulations_v5,0.1.1.9011,0.2.0.9011
200,20000,1,0.05,0.1,0.01,100,36,ZXSAX1088U,2022-03-15T15:29:00.513845Z,simulations_v5,0.1.1.9011,0.2.0.9011
20,2000,0.1,10,0.1,0.01,100,37,ZXSAX1088U,2022-03-15T15:29:00.513845Z,simulations_v5,0.1.1.9011,0.2.0.9011
200,2000,0.1,10,0.1,0.01,100,38,ZXSAX1088U,2022-03-15T15:29:00.513845Z,simulations_v5,0.1.1.9011,0.2.0.9011
20,20000,0.1,10,0.1,0.01,100,39,ZXSAX1088U,2022-03-15T15:29:00.513845Z,simulations_v5,0.1.1.9011,0.2.0.9011
200,20000,0.1,10,0.1,0.01,100,40,ZXSAX1088U,2022-03-15T15:29:00.513845Z,simulations_v5,0.1.1.9011,0.2.0.9011
20,2000,0.5,10,0.1,0.01,100,41,ZXSAX1088U,2022-03-15T15:29:00.513845Z,simulations_v5,0.1.1.9011,0.2.0.9011
200,2000,0.5,10,0.1,0.01,100,42,ZXSAX1088U,2022-03-15T15:29:00.513845Z,simulations_v5,0.1.1.9011,0.2.0.9011
20,20000,0.5,10,0.1,0.01,100,43,ZXSAX1088U,2022-03-15T15:29:00.513845Z,simulations_v5,0.1.1.9011,0.2.0.9011
200,20000,0.5,10,0.1,0.01,100,44,ZXSAX1088U,2022-03-15T15:29:00.513845Z,simulations_v5,0.1.1.9011,0.2.0.9011
20,2000,1,10,0.1,0.01,100,45,ZXSAX1088U,2022-03-15T15:29:00.513845Z,simulations_v5,0.1.1.9011,0.2.0.9011
200,2000,1,10,0.1,0.01,100,46,ZXSAX1088U,2022-03-15T15:29:00.513845Z,simulations_v5,0.1.1.9011,0.2.0.9011
20,20000,1,10,0.1,0.01,100,47,ZXSAX1088U,2022-03-15T15:29:00.513845Z,simulations_v5,0.1.1.9011,0.2.0.9011
200,20000,1,10,0.1,0.01,100,48,ZXSAX1088U,2022-03-15T15:29:00.513845Z,simulations_v5,0.1.1.9011,0.2.0.9011
