unique_id,parameter_id,sRealm_version,mobsim_version,date,seed,S_POOL,N_SIM,SAD_COEF,SIGMA,QUADRAT_WIDTH,simulation_function
ITNCC9285E,1,0.1.1.9011,0.2.0.9015,2022-03-09T15:13:23.020099Z,42,20,2000,0.1,0.05,0.1,replace_individuals()
ITNCC9285E,2,0.1.1.9011,0.2.0.9015,2022-03-09T15:13:23.020099Z,42,200,2000,0.1,0.05,0.1,replace_individuals()
ITNCC9285E,3,0.1.1.9011,0.2.0.9015,2022-03-09T15:13:23.020099Z,42,20,20000,0.1,0.05,0.1,replace_individuals()
ITNCC9285E,4,0.1.1.9011,0.2.0.9015,2022-03-09T15:13:23.020099Z,42,200,20000,0.1,0.05,0.1,replace_individuals()
ITNCC9285E,5,0.1.1.9011,0.2.0.9015,2022-03-09T15:13:23.020099Z,42,20,2000,0.5,0.05,0.1,replace_individuals()
ITNCC9285E,6,0.1.1.9011,0.2.0.9015,2022-03-09T15:13:23.020099Z,42,200,2000,0.5,0.05,0.1,replace_individuals()
ITNCC9285E,7,0.1.1.9011,0.2.0.9015,2022-03-09T15:13:23.020099Z,42,20,20000,0.5,0.05,0.1,replace_individuals()
ITNCC9285E,8,0.1.1.9011,0.2.0.9015,2022-03-09T15:13:23.020099Z,42,200,20000,0.5,0.05,0.1,replace_individuals()
ITNCC9285E,9,0.1.1.9011,0.2.0.9015,2022-03-09T15:13:23.020099Z,42,20,2000,1,0.05,0.1,replace_individuals()
ITNCC9285E,10,0.1.1.9011,0.2.0.9015,2022-03-09T15:13:23.020099Z,42,200,2000,1,0.05,0.1,replace_individuals()
ITNCC9285E,11,0.1.1.9011,0.2.0.9015,2022-03-09T15:13:23.020099Z,42,20,20000,1,0.05,0.1,replace_individuals()
ITNCC9285E,12,0.1.1.9011,0.2.0.9015,2022-03-09T15:13:23.020099Z,42,200,20000,1,0.05,0.1,replace_individuals()
ITNCC9285E,13,0.1.1.9011,0.2.0.9015,2022-03-09T15:13:23.020099Z,42,20,2000,0.1,0.2,0.1,replace_individuals()
ITNCC9285E,14,0.1.1.9011,0.2.0.9015,2022-03-09T15:13:23.020099Z,42,200,2000,0.1,0.2,0.1,replace_individuals()
ITNCC9285E,15,0.1.1.9011,0.2.0.9015,2022-03-09T15:13:23.020099Z,42,20,20000,0.1,0.2,0.1,replace_individuals()
ITNCC9285E,16,0.1.1.9011,0.2.0.9015,2022-03-09T15:13:23.020099Z,42,200,20000,0.1,0.2,0.1,replace_individuals()
ITNCC9285E,17,0.1.1.9011,0.2.0.9015,2022-03-09T15:13:23.020099Z,42,20,2000,0.5,0.2,0.1,replace_individuals()
ITNCC9285E,18,0.1.1.9011,0.2.0.9015,2022-03-09T15:13:23.020099Z,42,200,2000,0.5,0.2,0.1,replace_individuals()
ITNCC9285E,19,0.1.1.9011,0.2.0.9015,2022-03-09T15:13:23.020099Z,42,20,20000,0.5,0.2,0.1,replace_individuals()
ITNCC9285E,20,0.1.1.9011,0.2.0.9015,2022-03-09T15:13:23.020099Z,42,200,20000,0.5,0.2,0.1,replace_individuals()
ITNCC9285E,21,0.1.1.9011,0.2.0.9015,2022-03-09T15:13:23.020099Z,42,20,2000,1,0.2,0.1,replace_individuals()
ITNCC9285E,22,0.1.1.9011,0.2.0.9015,2022-03-09T15:13:23.020099Z,42,200,2000,1,0.2,0.1,replace_individuals()
ITNCC9285E,23,0.1.1.9011,0.2.0.9015,2022-03-09T15:13:23.020099Z,42,20,20000,1,0.2,0.1,replace_individuals()
ITNCC9285E,24,0.1.1.9011,0.2.0.9015,2022-03-09T15:13:23.020099Z,42,200,20000,1,0.2,0.1,replace_individuals()
ITNCC9285E,25,0.1.1.9011,0.2.0.9015,2022-03-09T15:13:23.020099Z,42,20,2000,0.1,0.8,0.1,replace_individuals()
ITNCC9285E,26,0.1.1.9011,0.2.0.9015,2022-03-09T15:13:23.020099Z,42,200,2000,0.1,0.8,0.1,replace_individuals()
ITNCC9285E,27,0.1.1.9011,0.2.0.9015,2022-03-09T15:13:23.020099Z,42,20,20000,0.1,0.8,0.1,replace_individuals()
ITNCC9285E,28,0.1.1.9011,0.2.0.9015,2022-03-09T15:13:23.020099Z,42,200,20000,0.1,0.8,0.1,replace_individuals()
ITNCC9285E,29,0.1.1.9011,0.2.0.9015,2022-03-09T15:13:23.020099Z,42,20,2000,0.5,0.8,0.1,replace_individuals()
ITNCC9285E,30,0.1.1.9011,0.2.0.9015,2022-03-09T15:13:23.020099Z,42,200,2000,0.5,0.8,0.1,replace_individuals()
ITNCC9285E,31,0.1.1.9011,0.2.0.9015,2022-03-09T15:13:23.020099Z,42,20,20000,0.5,0.8,0.1,replace_individuals()
ITNCC9285E,32,0.1.1.9011,0.2.0.9015,2022-03-09T15:13:23.020099Z,42,200,20000,0.5,0.8,0.1,replace_individuals()
ITNCC9285E,33,0.1.1.9011,0.2.0.9015,2022-03-09T15:13:23.020099Z,42,20,2000,1,0.8,0.1,replace_individuals()
ITNCC9285E,34,0.1.1.9011,0.2.0.9015,2022-03-09T15:13:23.020099Z,42,200,2000,1,0.8,0.1,replace_individuals()
ITNCC9285E,35,0.1.1.9011,0.2.0.9015,2022-03-09T15:13:23.020099Z,42,20,20000,1,0.8,0.1,replace_individuals()
ITNCC9285E,36,0.1.1.9011,0.2.0.9015,2022-03-09T15:13:23.020099Z,42,200,20000,1,0.8,0.1,replace_individuals()
ITNCC9285E,37,0.1.1.9011,0.2.0.9015,2022-03-09T15:13:23.020099Z,42,20,2000,0.1,0.05,0.316227766016838,replace_individuals()
ITNCC9285E,38,0.1.1.9011,0.2.0.9015,2022-03-09T15:13:23.020099Z,42,200,2000,0.1,0.05,0.316227766016838,replace_individuals()
ITNCC9285E,39,0.1.1.9011,0.2.0.9015,2022-03-09T15:13:23.020099Z,42,20,20000,0.1,0.05,0.316227766016838,replace_individuals()
ITNCC9285E,40,0.1.1.9011,0.2.0.9015,2022-03-09T15:13:23.020099Z,42,200,20000,0.1,0.05,0.316227766016838,replace_individuals()
ITNCC9285E,41,0.1.1.9011,0.2.0.9015,2022-03-09T15:13:23.020099Z,42,20,2000,0.5,0.05,0.316227766016838,replace_individuals()
ITNCC9285E,42,0.1.1.9011,0.2.0.9015,2022-03-09T15:13:23.020099Z,42,200,2000,0.5,0.05,0.316227766016838,replace_individuals()
ITNCC9285E,43,0.1.1.9011,0.2.0.9015,2022-03-09T15:13:23.020099Z,42,20,20000,0.5,0.05,0.316227766016838,replace_individuals()
ITNCC9285E,44,0.1.1.9011,0.2.0.9015,2022-03-09T15:13:23.020099Z,42,200,20000,0.5,0.05,0.316227766016838,replace_individuals()
ITNCC9285E,45,0.1.1.9011,0.2.0.9015,2022-03-09T15:13:23.020099Z,42,20,2000,1,0.05,0.316227766016838,replace_individuals()
ITNCC9285E,46,0.1.1.9011,0.2.0.9015,2022-03-09T15:13:23.020099Z,42,200,2000,1,0.05,0.316227766016838,replace_individuals()
ITNCC9285E,47,0.1.1.9011,0.2.0.9015,2022-03-09T15:13:23.020099Z,42,20,20000,1,0.05,0.316227766016838,replace_individuals()
ITNCC9285E,48,0.1.1.9011,0.2.0.9015,2022-03-09T15:13:23.020099Z,42,200,20000,1,0.05,0.316227766016838,replace_individuals()
ITNCC9285E,49,0.1.1.9011,0.2.0.9015,2022-03-09T15:13:23.020099Z,42,20,2000,0.1,0.2,0.316227766016838,replace_individuals()
ITNCC9285E,50,0.1.1.9011,0.2.0.9015,2022-03-09T15:13:23.020099Z,42,200,2000,0.1,0.2,0.316227766016838,replace_individuals()
ITNCC9285E,51,0.1.1.9011,0.2.0.9015,2022-03-09T15:13:23.020099Z,42,20,20000,0.1,0.2,0.316227766016838,replace_individuals()
ITNCC9285E,52,0.1.1.9011,0.2.0.9015,2022-03-09T15:13:23.020099Z,42,200,20000,0.1,0.2,0.316227766016838,replace_individuals()
ITNCC9285E,53,0.1.1.9011,0.2.0.9015,2022-03-09T15:13:23.020099Z,42,20,2000,0.5,0.2,0.316227766016838,replace_individuals()
ITNCC9285E,54,0.1.1.9011,0.2.0.9015,2022-03-09T15:13:23.020099Z,42,200,2000,0.5,0.2,0.316227766016838,replace_individuals()
ITNCC9285E,55,0.1.1.9011,0.2.0.9015,2022-03-09T15:13:23.020099Z,42,20,20000,0.5,0.2,0.316227766016838,replace_individuals()
ITNCC9285E,56,0.1.1.9011,0.2.0.9015,2022-03-09T15:13:23.020099Z,42,200,20000,0.5,0.2,0.316227766016838,replace_individuals()
ITNCC9285E,57,0.1.1.9011,0.2.0.9015,2022-03-09T15:13:23.020099Z,42,20,2000,1,0.2,0.316227766016838,replace_individuals()
ITNCC9285E,58,0.1.1.9011,0.2.0.9015,2022-03-09T15:13:23.020099Z,42,200,2000,1,0.2,0.316227766016838,replace_individuals()
ITNCC9285E,59,0.1.1.9011,0.2.0.9015,2022-03-09T15:13:23.020099Z,42,20,20000,1,0.2,0.316227766016838,replace_individuals()
ITNCC9285E,60,0.1.1.9011,0.2.0.9015,2022-03-09T15:13:23.020099Z,42,200,20000,1,0.2,0.316227766016838,replace_individuals()
ITNCC9285E,61,0.1.1.9011,0.2.0.9015,2022-03-09T15:13:23.020099Z,42,20,2000,0.1,0.8,0.316227766016838,replace_individuals()
ITNCC9285E,62,0.1.1.9011,0.2.0.9015,2022-03-09T15:13:23.020099Z,42,200,2000,0.1,0.8,0.316227766016838,replace_individuals()
ITNCC9285E,63,0.1.1.9011,0.2.0.9015,2022-03-09T15:13:23.020099Z,42,20,20000,0.1,0.8,0.316227766016838,replace_individuals()
ITNCC9285E,64,0.1.1.9011,0.2.0.9015,2022-03-09T15:13:23.020099Z,42,200,20000,0.1,0.8,0.316227766016838,replace_individuals()
ITNCC9285E,65,0.1.1.9011,0.2.0.9015,2022-03-09T15:13:23.020099Z,42,20,2000,0.5,0.8,0.316227766016838,replace_individuals()
ITNCC9285E,66,0.1.1.9011,0.2.0.9015,2022-03-09T15:13:23.020099Z,42,200,2000,0.5,0.8,0.316227766016838,replace_individuals()
ITNCC9285E,67,0.1.1.9011,0.2.0.9015,2022-03-09T15:13:23.020099Z,42,20,20000,0.5,0.8,0.316227766016838,replace_individuals()
ITNCC9285E,68,0.1.1.9011,0.2.0.9015,2022-03-09T15:13:23.020099Z,42,200,20000,0.5,0.8,0.316227766016838,replace_individuals()
ITNCC9285E,69,0.1.1.9011,0.2.0.9015,2022-03-09T15:13:23.020099Z,42,20,2000,1,0.8,0.316227766016838,replace_individuals()
ITNCC9285E,70,0.1.1.9011,0.2.0.9015,2022-03-09T15:13:23.020099Z,42,200,2000,1,0.8,0.316227766016838,replace_individuals()
ITNCC9285E,71,0.1.1.9011,0.2.0.9015,2022-03-09T15:13:23.020099Z,42,20,20000,1,0.8,0.316227766016838,replace_individuals()
ITNCC9285E,72,0.1.1.9011,0.2.0.9015,2022-03-09T15:13:23.020099Z,42,200,20000,1,0.8,0.316227766016838,replace_individuals()
